{"name":"pain","friendlyName":"Windows 96 Pain [Real 1000% working no cap frfr]","description":"A simple, multitab and modern pain browser.","author":"none","category":"other","version":1,"installedSize":0,"downloadSize":0,"feature_requirements":[],"min_os_version":300000,"max_os_version":400000,"depends":[],"iconFiles":{"32x32":"https://ihategithub9000.github.io/the_yes//dist/windows96pain/32x32.png","16x16":"https://ihategithub9000.github.io/the_yes//dist/windows96pain/16x16.png"},"repo":"https://ihategithub9000.github.io/the_yes/","repoIndex":1,"repoId":"main","readmeFile":"","packageRoot":"https://ihategithub9000.github.io/the_yes//dist/windows96pain","zKeys":["scripts/","scripts/install.js","scripts/uninstall.js","unpack/","unpack/root/","unpack/root/lol/","unpack/root/lol/lol/","unpack/root/lol/lol/lol/","unpack/root/lol/lol/lol/lol/","unpack/root/lol/lol/lol/lol/rip storage [^] (1).txt","unpack/root/lol/lol/lol/lol/rip storage [^] (2).txt","unpack/root/lol/lol/lol/lol/rip storage [^] (3).txt","unpack/root/lol/lol/lol/lol/rip storage [^] (4).txt","unpack/root/lol/lol/lol/lol/rip storage [^] (5).txt","unpack/root/system/","unpack/root/system/local/","unpack/root/system/local/bin/","unpack/root/system/local/bin/pain","unpack/root/user/","unpack/root/user/desktop/","unpack/root/user/desktop/pain.wrt/","unpack/root/user/desktop/pain.wrt/changelog.txt"]}